customer_id,surname,geography,age,balance,churn_probability
15737647,Obioma,Germany,77,135120.56,0.96739505982570906
15653050,Norriss,Germany,76,95052.29,0.96287746573969635
15677764,Chao,Germany,74,186445.31,0.94295025541663791
15807889,Wood,Germany,74,108891.7,0.94070501223245917
15785576,Mayrhofer,Germany,71,119496.87,0.93866854034515224
15798024,Lori,Germany,84,92242.34,0.93585462837252686
15623314,Tucker,Germany,59,190353.08,0.93346864786180739
15579345,Murphy,Germany,74,161371.5,0.93305547697997848
15621644,Lombardi,Germany,83,123356.63,0.93286283390894853
15808851,Bufkin,Germany,75,105609.17,0.93104050736090693
15684010,Tuan,Germany,74,116800.25,0.92582900939509327
15774696,Cole,Germany,75,106307.91,0.92552476210109857
15691119,Martin,Germany,68,136525.99,0.92549809175463349
15764927,Rogova,France,92,121513.31,0.92478749660097193
15772341,Hs?eh,Germany,81,122029.15,0.92122715796335342
15582168,Muravyova,Germany,61,149525.34,0.91868917402410855
15678916,Kelly,France,75,0.0,0.91765464516952944
15803685,Greco,Germany,77,76510.52,0.91759236128870936
15660878,T'ien,France,92,126076.24,0.9153147752922457
15797960,Skinner,Germany,59,135296.33,0.91526831628672811
15625641,Forbes,Germany,74,108071.36,0.91216596079337586
15570629,Alexeyeva,Germany,72,138089.97,0.91190217070138269
15680736,Milne,Germany,72,124978.19,0.90764215981119178
15684512,Gibson,Germany,72,135290.42,0.89839739050132528
15766183,Ferguson,Germany,76,130334.84,0.89806410434935913
15765532,Horton,Germany,76,96166.88,0.89779821935203408
15717879,Chen,Spain,79,108078.56,0.89285446776077626
15699523,Chu,Germany,55,126817.65,0.89238776830070943
15634949,Hay,Germany,74,161434.36,0.89110356423011294
15636061,Pope,Germany,78,68345.86,0.89036390874059457
15635500,Seleznyov,Germany,75,61319.63,0.88946573674734231
15760244,Ives,France,76,160979.68,0.888530319806159
15673995,Tu,Spain,65,102541.1,0.88697113604903266
15606149,Wood,Germany,66,111577.01,0.88657034702449411
15592707,Dolgorukova,Germany,64,175754.87,0.88504469416659781
15595831,Shen,Germany,64,145215.43,0.88330186499580365
15702968,Artemieva,Germany,74,106545.53,0.882586079330518
15714680,Bianchi,France,78,121206.96,0.87947917182385271
15815560,Bogle,Germany,74,105102.5,0.87761833171746118
15605665,Nwora,Germany,69,78833.15,0.87738717268909816
15578462,Hs?,Spain,76,134208.25,0.87710901059579827
15724336,Yates,Germany,49,171601.27,0.87601904875676972
15606435,Wall,Germany,69,187013.13,0.87434027670917869
15657468,Simmons,Germany,53,123805.03,0.87413670472975
15571302,Estep,Germany,72,94216.05,0.87374750395088741
15677324,Botts,Germany,73,124730.26,0.873473050911612
15598695,Fields,Germany,68,130169.27,0.873250219373403
15810864,Williamson,France,82,0.0,0.872319924931482
15810942,Chiemela,Germany,61,137655.31,0.87149626898327681
15578006,Yao,France,85,0.0,0.87096267652177506
15666166,Pettry,France,74,121276.32,0.86922699669548753
15761286,Fan,Germany,66,119499.42,0.86887513996557164
15691504,Yusupova,Germany,52,124099.13,0.86864055952008234
15633531,Lavrov,France,76,138489.66,0.86812421412340546
15766272,Folliero,Germany,61,125193.96,0.86579667090162282
15680167,Thomson,France,78,47536.4,0.86475682463871872
15660301,Dellucci,Germany,70,148745.92,0.86376829939134747
15712199,Ijendu,Germany,61,183997.7,0.86331253949453168
15813303,Rearick,Spain,88,0.0,0.86163317264978234
15586585,Duncan,Germany,51,111018.98,0.85983462439294489
15624695,Otitodilinna,Spain,72,140301.72,0.85920923107169311
15734202,Chidimma,Germany,52,86891.84,0.85915689450500765
15572762,Matveyeva,Germany,50,102278.79,0.85786650702239287
15705174,Chiedozie,Germany,68,153545.11,0.85785328061515576
15808389,Iheatu,France,79,0.0,0.85784479462692331
15715638,Ch'ang,Germany,77,27517.15,0.8567294075121864
15579826,Young,France,66,0.0,0.85655263745199584
15712287,Pokrovskii,France,80,0.0,0.85576628101004726
15718153,Kao,Spain,74,128917.84,0.8552483754753365
15644103,Wells,Spain,78,151675.65,0.85497835515698983
15793726,Matveyeva,France,79,0.0,0.85388852948718819
15806049,Lee,Germany,49,140510.89,0.8520267059965998
15687079,King,Spain,69,115462.44,0.85171693839006135
15722322,Green,Spain,78,0.0,0.85119663277041313
15658504,Chiawuotu,Germany,62,137727.34,0.85077443118298779
15699325,Fedorova,Germany,62,114822.64,0.85072471234456182
15620443,Fiorentino,France,81,0.0,0.85017126804729926
15723907,Lawless,Germany,49,154776.42,0.84989259579263177
15757310,Otitodilichukwu,Germany,67,148363.38,0.84980785153465643
15778489,Bolton,Germany,71,142550.25,0.848484046840992
15714240,Ponomarev,Spain,74,0.0,0.84727950264301033
15800554,Perry,France,81,0.0,0.84631586978729711
15591123,Iredale,Germany,68,100194.44,0.84613869425204535
15589975,Maclean,France,73,97259.25,0.84519709544645694
15630913,Rosas,Spain,69,105303.73,0.84393900783412379
15583850,Davidson,Germany,68,126061.51,0.84381197849752909
15605926,Sinclair,Germany,70,116854.71,0.84350204899259484
15645316,Han,Germany,58,149641.53,0.84320460764204441
15671014,Zhdanova,Spain,72,98765.84,0.84210050093696964
15713374,Jarvis,Germany,67,157094.78,0.84104936206111913
15571529,Kirby,Germany,48,138232.24,0.84056690630434239
15792989,Bianchi,France,71,104308.77,0.84005827257517085
15669060,Woolnough,France,74,0.0,0.83947626505519024
15771154,North,France,73,137732.23,0.83874362131561442
15708236,Wright,France,72,91285.22,0.83863942308683981
15770995,Sinclair,Germany,47,131160.85,0.83831018458669737
15651103,Sal,Spain,69,183744.98,0.83810644115788446
15706537,Pirogov,Germany,59,111396.97,0.83754121435138
15811032,Gambrell,Germany,58,145984.92,0.83664618235617294
15775433,Tang,Germany,71,53013.29,0.835782224622996
15754342,Green,Germany,60,78539.84,0.83505144426959754
15648702,Yuriev,Germany,70,119684.88,0.83401087053208534
15712409,Tang,Germany,66,182532.23,0.83335069091774727
15756824,Giordano,Germany,50,101242.98,0.83259976685858939
15806081,Fleming,Germany,48,127924.25,0.83238128447177273
15813022,Kapustina,Spain,70,0.0,0.83209483728270761
15656865,Gray,Germany,69,78778.49,0.83206766107259367
15794479,Becker,Spain,77,149083.7,0.83200117867208112
15677382,Miller,Spain,69,107569.96,0.83188399903538079
15680767,Sabbatini,Germany,64,98362.35,0.83136952360414673
15704795,Vagin,France,77,0.0,0.83096386255047927
15576368,Bledsoe,Germany,48,122388.38,0.830407070644159
15680430,Ajuluchukwu,Germany,49,96252.98,0.82977627051039782
15764351,Yuryeva,Germany,59,120170.07,0.82871885993611261
15613427,Barling,Germany,49,108797.63,0.82827299075821936
15583221,Arnold,Germany,70,77356.92,0.82818972024338966
15674671,Conway,Spain,76,128410.71,0.82814622237710622
15628144,Soares,France,72,74812.84,0.82778167243109235
15663808,Ifesinachi,Germany,59,152614.51,0.82656852432830474
15714087,McGill,Germany,45,151855.33,0.82614280309528121
15681402,Ngozichukwuka,Germany,61,66101.89,0.82496770031138833
15674637,Pagnotto,France,68,107571.61,0.82472532582747671
15623489,Tu,France,67,128843.67,0.82282303325357642
15650313,Okonkwo,Germany,65,129472.33,0.82155509659931591
15605425,Chia,Germany,44,127536.44,0.82149204829518285
15773322,Obiajulu,Germany,44,121898.82,0.8213389728493864
15769499,Lampungmeiua,Spain,74,0.0,0.81967391613940155
15794939,Chiu,France,72,121215.9,0.81801542709142838
15684908,Davidson,Germany,64,91869.69,0.81772315911935645
15707473,Summers,Germany,48,111962.99,0.81753615189421225
15775335,Ellis,Germany,48,81556.89,0.816767949179711
15586996,Azikiwe,France,76,0.0,0.81642628630075265
15742116,Torres,Germany,48,116711.06,0.81622309182637165
15569452,Butler,Germany,58,116353.2,0.81604576582018962
15603246,Genovesi,France,73,170241.7,0.81589096132089045
15694039,Jen,Germany,46,149003.76,0.81576702791468536
15621075,Ogbonnaya,Germany,45,162150.42,0.81455686731677168
15781574,Ma,Spain,76,126534.6,0.81450595959066741
15755223,Tseng,Germany,53,150926.99,0.81445337986148114
15776939,Zox,Germany,48,102290.56,0.81384899725572246
15786042,Willmore,Germany,44,185932.18,0.8135165177347855
15810167,Scott,Spain,75,126273.95,0.81350228422136328
15752857,Palerma,Germany,52,98443.14,0.81348631029384366
15762762,Onyekachukwu,Germany,45,118886.55,0.81259534183150339
15754952,Su,Germany,48,76595.08,0.8119315191507962
15602043,Buccho,Germany,46,141788.63,0.81177015238732819
15574554,Pugh,Germany,66,103291.25,0.81176283067176958
15764432,Hicks,Germany,42,164307.77,0.81099277837014261
15631685,Lambert,Germany,60,163894.35,0.81035195364792767
15631871,Kelly,Germany,57,116936.81,0.80968172984063647
15611644,Onyemauchechukwu,France,73,146329.73,0.80936114171760565
15600700,Pan,Germany,63,116227.27,0.809139540312443
15771087,Harrison,France,71,88084.13,0.8086468650899683
15803005,Wallace,Germany,57,86568.75,0.807971845630499
15802909,Hu,Germany,56,139603.22,0.80785798387196317
15631406,Munro,Germany,50,109387.9,0.8075601025958451
15614813,Cocci,Germany,46,107362.8,0.80730226530907878
15665759,Russell,France,69,117866.92,0.80688652841951236
15577274,Genovese,Germany,43,134985.66,0.80682273742762667
15698335,Bergamaschi,France,73,0.0,0.80671749716362173
15616088,Lucas,France,70,97072.42,0.806273773385718
15674156,Tretiakova,Germany,69,27288.43,0.80565705724315539
15800793,St Clair,Germany,39,182491.57,0.80545962279772076
15815070,Romano,Germany,44,141428.99,0.80541502418440036
15671165,Esomchi,France,66,149950.19,0.80541050391562741
15807709,Kirby,Germany,55,180075.22,0.80513273069202906
15734659,Sozonov,Germany,46,107978.4,0.80468421847577432
15751774,Monnier,France,76,112510.89,0.80460670051227756
15655171,Yermakova,France,80,0.0,0.80449056835082577
15629846,Sheehan,Germany,47,143001.5,0.80375295520840917
15805254,Ndukaku,Spain,75,0.0,0.80361063614792538
15807595,Ijendu,Germany,51,144244.59,0.80359409939726179
15792868,Mickey,France,69,0.0,0.80343226046408611
15648455,Kung,Germany,51,131156.76,0.80304659028156145
15567442,Ibezimako,France,75,0.0,0.80251733955185089
15809777,Gadsden,Germany,55,131778.66,0.80211987615456448
15750569,Iweobiegbunam,Germany,46,102955.14,0.80184869971391393
15628999,Townsend,France,79,61811.23,0.80147228051381048
15634245,Muecke,Germany,47,95523.16,0.80136005181250725
15693203,Powell,Spain,75,0.0,0.80069538495502035
15772216,Henry,France,67,130652.52,0.80046449002500819
15572356,Tsai,Spain,73,108555.07,0.79909842523929164
15665402,Panicucci,Spain,73,137761.55,0.79904231567070172
15615938,Fleming,France,64,139663.37,0.79886000743160479
15590327,Liao,Germany,42,166031.45,0.798422333241226
15638047,Chia,Germany,45,142765.24,0.79777153551749858
15691625,Ko,Germany,41,138306.34,0.7961591728894245
15788183,Longo,Germany,43,106870.12,0.79598467018410723
15724307,Mitchell,France,76,121313.88,0.7953968257148506
15804787,Onyemauchechukwu,France,75,87140.85,0.79496065836898777
15807245,McKay,Germany,41,200117.76,0.794841891190484
15580560,Harris,France,73,0.0,0.794030799864967
15569764,Garner,Germany,41,154007.21,0.79399270051923665
15589488,Ch'eng,Germany,56,111642.08,0.7928326199617
15658532,Nnamutaezinwa,Spain,63,162278.32,0.792066142838638
15625740,Enriquez,Germany,62,143426.34,0.7919771046745655
15595609,Sykes,Germany,52,135870.01,0.79101839523302708
15683183,Volkova,Germany,45,97652.96,0.79068717885233653
15606076,Golubev,Germany,63,123204.88,0.79023109288987148
15736778,Adams,Germany,60,72948.58,0.78987545901804734
15763111,Niu,Spain,67,124577.15,0.78978348825940159
15721569,Chialuka,Germany,55,119327.93,0.78968259100487137
15587210,McCartney,Germany,44,113581.98,0.78916869935492584
15577478,Ch'iu,France,72,0.0,0.7891351377472563
15673584,Bell,France,74,0.0,0.78887604908876485
15793346,Ofodile,France,72,0.0,0.78866392268034646
15698474,Sagese,Germany,54,131039.97,0.7884135523654161
15614034,Martin,Germany,61,164523.5,0.788404765165488
15625151,Wan,France,66,116037.76,0.788330892094967
15608226,McMorran,Spain,72,98903.06,0.78821878326568628
15672437,Buccho,France,72,160541.0,0.788125168954251
15659399,Mazzi,Germany,50,139675.07,0.7879136740338627
15704769,Smith,France,67,113978.97,0.78753122356017569
15595537,Trout,Germany,49,171787.84,0.7873022898091584
15638871,Ch'ang,France,77,80926.02,0.78664246213485967
15641835,Anderson,France,72,140997.26,0.7862031224231506
15728005,Urban,France,57,111359.55,0.7854890828930351
15779586,Olisaemeka,Germany,46,115074.02,0.78528616373462912
15684865,Lucchesi,France,66,143773.07,0.78454452030868327
15723484,Hunt,Germany,42,103873.39,0.78364007207055841
15791321,Nwora,Spain,58,0.0,0.78361750028385446
15751185,Aparicio,Spain,50,158633.61,0.7835254975587157
15767358,Obioma,Germany,45,97486.15,0.78334486650041757
15680970,Lombardi,Germany,41,114206.84,0.78309304145929992
15771383,Loggia,Germany,45,53667.44,0.7828051004363491
15782569,Stout,France,72,0.0,0.78278193647667016
15747358,Russell,Germany,59,170331.37,0.78196757337519429
15793116,Beneventi,Germany,40,117304.29,0.78146463632531638
15698732,K'ung,Germany,51,104677.09,0.78132380251095079
15672516,Wall,Germany,51,90373.28,0.78127481069612459
15595153,Tucker,Germany,44,106022.73,0.78051404247941014
15634141,Shephard,Germany,42,192390.52,0.78035003460428565
15653037,Parks,France,77,0.0,0.77999401976700311
15670205,Boyd,Germany,41,110624.99,0.77969162507874024
15810203,Manning,Germany,44,77627.33,0.7787925478734965
15805104,Smith,France,73,0.0,0.77839305974768169
15637169,Maclean,Spain,67,103267.8,0.778081416615725
15639552,Mellor,Germany,40,148897.02,0.77803066712770652
15687765,Chukwujamuike,Germany,42,80380.24,0.777585147597334
15690231,K'ung,Spain,62,167026.61,0.77754982898724667
15733602,Rubin,Spain,72,0.0,0.7772682796966327
15621520,Tang,Germany,42,139707.28,0.777091627980985
15685653,Benson,Germany,40,162261.01,0.77669847171317
15683977,Owens,Spain,72,0.0,0.77661877908165833
15660524,Hu,Germany,54,97382.53,0.77641871563640441
15799534,McClaran,France,71,183135.39,0.77614663989987964
15589230,Wu,France,63,126473.33,0.77610455859717409
15582762,Mazzanti,Spain,77,0.0,0.776015153663576
15619857,Crawford,France,64,129555.7,0.77553250433787768
15732430,H?,Spain,54,120952.74,0.77504182863412074
15752984,Chifley,France,70,87542.89,0.77498368798316009
15785406,Watts,France,51,105056.13,0.77447039809130525
15700826,Ko,Germany,54,123699.28,0.77443439580307893
15640418,Omeokachie,Germany,41,115897.73,0.7744010297530961
15611794,Galloway,Germany,61,133845.28,0.77432227493789774
15632575,Moore,France,70,0.0,0.77422083135289776
15794396,Newbold,Germany,38,174937.64,0.77407104684744465
15677135,Lorenzo,Germany,61,133802.29,0.77397185038502936
15747174,Hao,Germany,58,190298.89,0.77396531011033154
15798749,Davidson,Germany,43,152063.59,0.77392374042767731
15735799,Maconochie,Germany,58,137318.42,0.77364931907672385
15636444,Craig,Germany,53,141616.55,0.77300286811957819
15610643,De Luca,Germany,44,151739.65,0.77283675579042344
15634281,P'an,Germany,43,110822.9,0.77283439641036344
15643658,Barber,Germany,53,94078.97,0.77246962984153023
15814331,Lung,Germany,43,119127.46,0.7724536627716565
15691543,Lennox,Germany,58,142537.18,0.772394212225103
15566891,Kinder,Germany,41,88594.93,0.77225017472632362
15666197,Boni,Germany,38,153058.64,0.77204670655655172
15783629,Degtyaryov,Germany,42,117899.95,0.7719592608255671
15726832,Donnelly,Germany,61,141784.02,0.77185529876595493
15750407,Hunt,Germany,43,129264.05,0.771425663131307
15611599,Curtis,France,71,0.0,0.77131668649270835
15689614,Teng,Spain,63,137715.66,0.77113333713530563
15713596,Ugochukwu,France,62,107735.93,0.77111650533894316
15599452,Conti,Germany,43,125338.8,0.77034385592244659
15807335,Spencer,Spain,64,116954.32,0.77033626093689767
15702442,Benson,Germany,56,100781.75,0.76998199039956472
15772363,Hilton,Germany,42,101979.16,0.76985654498210365
15677307,Lo,Germany,40,137326.65,0.76937486889935081
15726945,Andreev,France,72,0.0,0.76932235502205
15764105,Milne,France,57,0.0,0.76917268108708914
15566156,Franklin,Germany,44,71497.79,0.76897421063913918
15731569,Hudson,France,81,0.0,0.76888919904131237
15568088,Jamieson,Germany,44,163714.52,0.76882977448735046
15634359,Dyer,Germany,41,98635.77,0.7687074532218936
15606310,Birk,France,71,149105.08,0.76829695753162974
15803136,Postle,Germany,41,122189.66,0.7681120090225626
15761141,Palerma,Spain,71,0.0,0.767622053745348
15620268,Thomson,Germany,43,212696.32,0.76750734767409767
15656100,Candler,France,49,167962.7,0.76714974373576772
15597467,Duncan,France,71,0.0,0.76706565580715291
15649280,Lucchese,Germany,40,134504.78,0.7669747886757412
15745455,Navarrete,Germany,62,108716.59,0.76691900457662021
15763097,Siciliano,Spain,80,0.0,0.76686209816852369
15700657,Thornton,Germany,40,110086.69,0.7666805281626532
15764335,Caldwell,Germany,41,123151.51,0.76571878508972724
15733491,McGregor,Germany,40,153537.57,0.76571237500205336
15742613,Warner,Germany,42,152324.66,0.76549837297028323
15711299,Wilson,Germany,52,145262.54,0.76544924638195444
15755649,Winter-Irving,Germany,47,130538.77,0.76536213644564766
15655574,Okeke,Germany,40,150777.1,0.76522290565132722
15650933,Ma,Spain,48,155413.06,0.76522104757802234
15787161,Pisani,Germany,46,129269.27,0.76432481071651892
15610711,Eluemuno,Germany,40,128644.46,0.76425967932829986
15611786,Tsui,Spain,69,0.0,0.7639744012786196
15765283,Wenz,Germany,40,149961.99,0.763953663331936
15740175,Raynor,Germany,42,118889.66,0.76385876376585393
15700540,Barrera,Germany,38,129893.56,0.76377050679244718
15747677,Gordon,Spain,69,163975.09,0.763550044713076
15738672,Paterson,Germany,40,162485.8,0.7634663175169859
15616630,Tobenna,Germany,41,77647.6,0.76335003039618232
15792646,Trentino,Spain,64,91216.0,0.76313516050964569
15780124,Blair,France,74,108131.53,0.76288401299029784
15756539,Marshall,Germany,39,165610.41,0.7628200082074037
15574119,Okwuadigbo,Spain,64,62979.93,0.76202988236721714
15739123,Mellor,Germany,50,127552.85,0.76177547624545827
15778320,Teng,Germany,40,148495.64,0.76167636738790356
15810898,Pan,France,65,151659.52,0.76160082828375453
15722061,Allen,Germany,41,142015.76,0.76159413448554825
15684171,Bianchi,Spain,61,155931.11,0.76127803603960742
15570192,Henry,Germany,40,121729.42,0.76053942498252569
15721469,Mach,Germany,45,170295.04,0.75979973060444372
15763704,Docherty,Germany,43,69014.49,0.75938760128182869
15624755,Pepper,Germany,40,109628.44,0.75920891325586048
15662854,Manna,Germany,48,139714.4,0.75893546444904081
15578648,Marino,Germany,49,59532.18,0.75866446006789812
15572265,Wu,Germany,46,170826.55,0.75849165856334555
15577806,Chiu,Germany,54,75900.84,0.75815324718029364
15597109,Vanzetti,France,70,94416.78,0.75761675791307248
15759140,Long,France,64,128306.7,0.75760815558791827
15805429,Murray,Germany,59,106819.65,0.75752560302835636
15797190,Charlton,Germany,40,96202.32,0.75679466808366724
15643042,Han,Germany,40,117641.43,0.75655065847696934
15775572,Bergamaschi,Germany,42,88324.31,0.75614655623778626
15728906,Ibekwe,France,77,0.0,0.75607125874334347
15573319,Azubuike,Germany,35,178317.6,0.75600912634839634
15724466,Swearingen,Germany,41,84113.41,0.75593225126977281
15599078,Yang,Germany,41,92467.58,0.75580556551531786
15632816,Williams,Germany,49,127948.57,0.75579143659193426
15735078,Onwughara,Germany,53,139687.66,0.75531046262161483
15757015,Davies,Germany,41,106640.5,0.755299978126091
15633537,Nolan,Germany,42,87271.41,0.75527440021426306
15654025,Jones,France,51,101629.3,0.75524263196329411
15587535,Onyemauchechukwu,Spain,46,177619.71,0.75511388348650932
15812628,Dodd,Germany,38,120623.21,0.75500202591514209
15666884,Su,Germany,41,82161.7,0.754602024954148
15729582,Fu,Germany,48,80697.44,0.7542989643854553
15607301,Romano,Spain,63,129968.67,0.754043834896892
15743617,Chesnokova,Germany,47,95994.98,0.75384529170403514
15711635,Chu,Germany,42,138650.49,0.75310124639422127
15598259,Gregory,Germany,41,98612.1,0.75265351012653869
15624343,Napolitani,Spain,50,129667.77,0.75256422561093694
15663826,Brim,Spain,66,0.0,0.75205370707630093
15744914,Moore,Germany,42,177728.55,0.75200034097087265
15600110,Endrizzi,Germany,41,57745.76,0.75196128203327994
15694628,Walker,Germany,39,157731.6,0.75182960017843159
15720284,Crawford,Germany,37,135927.06,0.75140961414133189
15762134,Liang,Germany,59,119152.1,0.75127152078393189
15691111,Pai,Germany,42,121980.56,0.75101852458186691
15607269,Costa,Germany,49,151249.45,0.7507242714539557
15738828,Milano,Germany,45,152880.97,0.74974931301910452
15571816,Ritchie,Spain,70,0.0,0.74940823969711012
15810978,Pugliesi,Spain,70,0.0,0.74880579396641833
15757829,Timperley,Germany,40,137389.77,0.74851862600715457
15714080,Goliwe,Germany,40,97001.36,0.74846117828990011
15788224,Sanderson,Germany,45,123949.75,0.7484324311313435
15780870,McKay,Spain,67,153946.14,0.74821804852069951
15650670,Bateson,Germany,40,105222.86,0.74813083716431439
15629744,Tan,France,71,0.0,0.747812016464479
15705512,Welch,Germany,37,167864.4,0.74758400290205484
15730590,Ko,Germany,40,115409.18,0.74750684970876113
15671630,McMillan,Germany,40,99745.95,0.74745013976203556
15783398,Rizzo,Spain,49,115309.75,0.74699966664721063
15605872,Felix,France,73,66573.17,0.74668584635361523
15687946,Osborne,France,61,117419.35,0.74659013711280908
15725221,Sabbatini,Germany,62,83008.31,0.74602870590009018
15793641,Evseyev,France,70,0.0,0.74594911858386737
15663234,Bishop,France,60,143262.04,0.74572801732032756
15649414,Walker,France,61,142105.35,0.74554662835008467
15642996,Tsai,Germany,42,86351.85,0.7453291803140123
15669611,Mott,France,71,83116.68,0.74472484522167715
15728542,Vorobyova,France,71,0.0,0.74381696948868814
15767129,Munz,France,60,121730.49,0.74379072704360383
15710295,Patrick,Germany,38,119413.62,0.7434976137601782
15721793,Chiu,Germany,50,123936.54,0.74327092549440643
15786153,McKenzie,Germany,47,137774.11,0.742964208647001
15693893,Davis,Germany,59,122471.09,0.74295845829035545
15587443,Akudinobi,France,69,0.0,0.74289504247555371
15655464,Combes,France,67,0.0,0.74256612745809847
15622461,Ndubuagha,France,51,122822.0,0.74223418952836318
15654959,Hope,Spain,67,158719.57,0.74221190443678742
15590966,Lo,Germany,42,97495.8,0.741925230410757
15766686,Nebechi,Germany,39,104502.11,0.74188300505376159
15576313,Wei,Germany,40,71340.09,0.74183008975123554
15635177,Williamson,Spain,66,0.0,0.74114760735194007
15570051,Gill,Germany,38,179886.41,0.74112363926491076
15616709,Bunton,Germany,38,132122.42,0.741094280703144
15658486,Gidney,Spain,59,148021.12,0.7410621414411861
15597983,Brown,France,69,154953.94,0.74058896759494564
15647570,Chung,Germany,45,120591.19,0.74058113367415468
15757912,Bradley,Germany,37,125977.81,0.74022187782436366
15620341,Nwebube,Germany,44,160838.13,0.73997162489871893
15738588,Nebechi,Germany,37,133200.09,0.73991482896991545
15651001,Tsao,Germany,39,116803.8,0.73984498256898579
15703059,Scott,Germany,49,124829.16,0.73964327672326036
15667476,Cox,Germany,36,117700.86,0.73868227885191562
15730579,Ward,France,68,169445.4,0.73860313765721686
15607690,Hsing,Germany,47,118812.5,0.73857683614280922
15600821,Hardy,France,69,108424.19,0.73836471143612648
15608109,Greco,Germany,58,170113.0,0.73807764649845853
15795246,Kaeppel,Germany,51,155903.82,0.73794784395306023
15673578,Page,Germany,40,128486.91,0.73784798005791363
15628298,Johnstone,Spain,47,128486.11,0.73740408244225952
15786905,Russo,Germany,40,141782.57,0.73736966267752446
15614934,McEwan,Germany,37,142711.81,0.73716593406820674
15607988,Garland,Germany,37,155303.71,0.73696674280594532
15610930,Kwemto,Germany,35,139979.07,0.73647178225696108
15804862,Toscani,Germany,43,127146.68,0.73604276263344326
15792729,Holland,Germany,34,176311.36,0.73555897732703135
15717527,Ifeanacho,France,49,145359.99,0.73537177546617849
15616152,Pai,France,47,185513.67,0.73521590077250976
15746737,Eames,Germany,59,69129.59,0.73492840752661071
15616666,Artemova,Germany,52,111739.4,0.734851799140657
15698184,Marshall,France,50,90408.16,0.73417165880115842
15640161,Calabrese,Germany,44,157955.83,0.73395002777319751
15783659,Blackburn,France,67,145981.87,0.73394639548657215
15644621,Mironova,Germany,40,106756.01,0.73392293553103061
15604130,Johnstone,Spain,47,142319.03,0.73380260622038707
15578369,Chiedozie,Germany,37,145219.3,0.73352695270825063
15716984,Palermo,Spain,56,0.0,0.73338706191624115
15725639,Ignatyev,France,63,116270.72,0.73322662967496488
15769389,Wan,Germany,39,124723.92,0.73288780619456528
15681843,Barbour,Germany,35,180303.24,0.73286405672197286
15565796,Docherty,Germany,48,96048.55,0.732025146723513
15756299,Davis,France,64,69311.16,0.73172816501855509
15649297,T'ang,France,62,111065.93,0.73163569431561859
15594928,Pagnotto,Germany,38,129055.13,0.73083692664239763
15584518,Arthur,Germany,50,144895.05,0.73069975721998914
15788442,Chukwukadibia,Spain,57,173306.13,0.73037893751313077
15713632,Ham,Spain,48,95679.29,0.73025296487735658
15672082,Schatz,France,62,0.0,0.73014055979546311
15791174,Leibius,Spain,67,88382.01,0.73011148775096568
15632521,Cattaneo,Germany,45,130170.82,0.72999059498911045
15665460,Isayeva,Spain,67,0.0,0.72997890270701726
15666982,Spears,Germany,38,123948.85,0.7299410007244963
15680112,Stewart,Germany,35,131504.73,0.72979973465565562
15794941,Chibueze,Germany,41,85906.65,0.72960889365707193
15753370,McDonald,Germany,38,114753.76,0.7292712927379621
15698510,Onwudiwe,Germany,42,181627.14,0.72916861416167622
15570769,Kibble,France,69,93320.8,0.72831950073365193
15727489,Madueke,Spain,45,157320.51,0.72820338920815386
15696514,Calabrese,Germany,37,104414.03,0.72800431359870821
15772601,Lu,Germany,41,81733.74,0.72756485642563484
15611800,Loggia,France,62,125163.62,0.72752425245608454
15634772,Mario,Spain,59,122661.39,0.72720725468501379
15617320,Palermo,Spain,46,151709.33,0.727029363198254
15657214,Hsia,France,74,0.0,0.72702542323944486
15756277,Wilson,Germany,43,92244.83,0.72697526195373552
15751137,Lei,Germany,36,169025.83,0.72626639550749228
15604497,Beale,Germany,44,84386.57,0.72603049067128556
15633141,Robinson,Germany,35,174902.26,0.7249398802286926
15632079,Hardy,Germany,37,156282.79,0.72489532189950057
15722765,Owen,Spain,57,136820.99,0.72469688913717389
15712303,Valentin,France,66,159732.02,0.72440759709773894
15622507,Hamilton,Germany,40,103499.09,0.72382578757637939
15810834,Gordon,Spain,57,145965.33,0.72339865832006389
15750811,Woodward,Germany,44,116822.7,0.72311766396896981
15796790,Amaechi,France,47,154543.98,0.72311622141881648
15774630,Peacock,Germany,47,142802.02,0.7231101269189707
15750765,Sanders,Spain,71,0.0,0.72307320951034271
15737133,P'eng,Spain,68,114386.85,0.72281403338299322
15613463,Hackett,Germany,50,132598.38,0.722515546112983
15651943,Richards,Spain,65,0.0,0.7223408137738051
15756305,Marchesi,France,66,0.0,0.72220860939954723
15624677,Marquez,Germany,37,122304.65,0.72173222424215866
15691875,Tsou,Germany,39,114491.82,0.7216590021674032
15593954,Eva,France,47,109387.33,0.721292971346078
15801296,Farber,Germany,37,143258.85,0.72115709675336814
15600879,Parsons,Germany,36,157780.93,0.72108861115704881
15811026,Norman,Germany,43,136855.94,0.72097560660706139
15695819,Bidwill,Germany,43,134740.19,0.72072725220616962
15701318,Poole,Spain,67,148564.66,0.72065101996093939
15731026,Han,Germany,39,100062.16,0.72057694109386772
15684769,Whitson,France,67,129431.36,0.7204297464705044
15603247,Bruner,Germany,35,146781.24,0.72006018103183411
15777067,Thomas,France,64,136770.67,0.71989768494880635
15779103,Cantamessa,Germany,39,96748.89,0.71974758661016658
15770974,Nwabugwu,Germany,37,170840.08,0.71966013954280439
15651063,Ifeatu,Germany,37,127480.58,0.719648894311855
15810786,O'Toole,France,67,0.0,0.71954283600531066
15646037,Sopuluchi,France,77,0.0,0.71940542019844389
15781534,Rapuluolisa,Germany,35,121520.36,0.71933949554592025
15580845,Chienezie,Germany,57,101868.51,0.71923842707780439
15718572,Willis,Germany,57,138456.03,0.71901251608559669
15794276,Steele,France,64,0.0,0.7189347580110953
15720910,Black,France,66,0.0,0.71883975317872117
15726487,P'eng,France,63,160982.89,0.71866715307253626
15732020,Rutherford,Germany,57,106938.11,0.71852972454123887
15724764,Lawley,Germany,42,64404.26,0.71852881551691961
15776921,Geoghegan,Germany,45,83624.55,0.718390586352388
15736533,Monaldo,Germany,37,124053.03,0.71827260880187926
15799515,Wei,France,48,133297.24,0.71771295083301412
15631882,Yeh,Germany,45,103399.87,0.71752185859266049
15602845,Udinesi,Germany,41,152102.18,0.71749476197645579
15794278,Romani,Spain,67,151858.98,0.71718907517268315
15785339,H?,France,50,117565.03,0.716922953622293
15704987,Lu,France,52,49113.75,0.71687901879398186
15766810,Onyemauchechi,Germany,51,92246.14,0.71628741116194261
15735080,Cummins,France,64,0.0,0.71607890901958948
15638463,Okwudilichukwu,Germany,48,139480.18,0.71580906731081362
15764444,Pan,Germany,58,125850.53,0.71567160131236618
15698031,Romano,Germany,39,101851.8,0.71535734943274409
15803479,Winter-Irving,France,67,0.0,0.71519978306986443
15789201,Thomson,Germany,35,145623.36,0.71512945090482094
15784148,Beneventi,France,62,0.0,0.71485797843496079
15677369,Golubov,Germany,37,58629.97,0.71457321454523937
15734942,Nnamutaezinwa,Germany,38,82407.51,0.71433442444642226
15698932,Groves,Germany,44,137452.09,0.71380929012488914
15665376,Lavrentiev,Germany,35,166518.63,0.71374406543003122
15577831,Byrne,Germany,41,152532.3,0.7134723311023411
15777054,Thorpe,Germany,42,137479.13,0.71314864896814734
15580872,Chinweike,Germany,38,120530.13,0.71261743672196953
15682576,Onyenachiya,France,67,149436.73,0.71222948966467192
15813862,Yevseyev,Spain,66,132044.6,0.7120398023576523
15742824,Isayeva,Germany,42,162318.61,0.71192953645628632
15661290,Hightower,Germany,38,107199.75,0.71187650285119031
15776725,Kerr,Germany,54,172192.49,0.71184268884393975
15692977,Ikenna,Germany,36,130700.92,0.71145268244847548
15805212,Black,France,67,0.0,0.71134362771308435
15746986,Howe,Germany,40,97990.49,0.71130150161964245
15737489,Ramsden,Spain,46,116886.59,0.711211171141762
15644356,Prokhorova,Spain,47,134032.01,0.71089796821540785
15572361,Chill,Germany,34,164011.48,0.709983591723176
15689294,Onyemaechi,Germany,44,105934.96,0.7098786094946764
15592994,Zikoranachidimma,France,65,0.0,0.70974613998817915
15611029,Hsiung,Germany,33,140002.35,0.70952212004471082
15771059,Welch,Germany,34,148200.72,0.70952120500654758
15575410,Chidiegwu,Germany,39,83765.35,0.7089490621148159
15658306,Lo,France,68,97705.99,0.70891489055667067
15597951,Muir,France,58,114713.57,0.70887768562336984
15571917,Eluemuno,Germany,38,137657.71,0.70858545145905472
15640268,Avdeeva,Spain,71,0.0,0.70854966577063383
15642248,Ko,Spain,66,123935.35,0.70846784487777958
15815443,Lo,Spain,46,131414.76,0.70842684726594052
15621227,Hs?eh,Germany,46,161806.09,0.70818325289902906
15646566,Bell,France,58,187911.55,0.70813728545771593
15599591,Martin,Germany,39,88477.36,0.70773327616563986
15717937,Gibbons,Germany,43,99906.89,0.7076484720257995
15708917,Martin,Germany,53,167772.96,0.70724087675205727
15691723,Chukwudi,Spain,55,99685.06,0.70703084432807906
15776733,Wilson,Germany,37,124513.66,0.70688324217217913
15685279,Somadina,Spain,57,122950.31,0.70680807079496266
15651144,Yao,Germany,35,150561.03,0.70672118625704539
15594404,Bevan,France,49,160602.25,0.70656399333806541
15727499,Boyle,Germany,36,129118.5,0.70647320437669758
15780362,Ferrari,France,49,119960.29,0.70637155049353073
15738884,Hu,Germany,41,157777.58,0.7060440265480189
15760085,Calabresi,Germany,48,126384.42,0.70571428950630233
15602405,Ryrie,Germany,38,99167.54,0.70563520720937734
15728043,Udinese,Germany,37,138503.51,0.70537599724545053
15764343,T'ien,Spain,46,155681.72,0.70507336369406959
15804721,Boni,France,49,191808.73,0.7049256357691418
15718039,Ferguson,Germany,47,137138.2,0.70478088801933325
15657163,Cockrum,Germany,42,149332.48,0.7047715502305073
15767818,Graham,France,55,132436.34,0.70458865035745588
15624293,Mironova,France,46,106511.85,0.70392750854998964
15757617,Lewis,France,55,134140.68,0.70363271387942439
15758252,Toscano,Germany,45,168085.38,0.70320489300768618
15583552,Donaldson,Germany,44,88902.21,0.702944049630992
15624775,Onyeoruru,France,67,94203.8,0.70278795107443659
15738662,Daluchi,Germany,41,159434.03,0.70272636773278963
15709232,McKay,Germany,47,157099.47,0.70270686883224087
15811314,Y?,Germany,36,140355.56,0.70268037276628748
15616365,Obiuto,France,53,0.0,0.70246220962826778
15567339,Shaw,France,73,0.0,0.70239045031578207
15795640,Mai,Germany,35,132371.3,0.70219340329477986
15630910,Treacy,France,49,108007.36,0.70203881316027306
15612524,Hunt,Germany,41,127841.52,0.70192755103171589
15617866,Calabrese,Spain,67,119785.47,0.70187226277313675
15762927,Sung,Germany,36,100762.64,0.70158196619421642
15673481,Morton,Spain,48,99906.19,0.70119530263370444
15759566,Tochukwu,France,74,0.0,0.70079504203879583
15790282,Trentino,Germany,58,114327.59,0.7001467406869093
15627484,Obielumani,France,47,113328.93,0.70007566474794358
15808473,Ringrose,France,72,0.0,0.7000625861702795
15727944,Simpkinson,Germany,48,92072.68,0.70004370063910648
15709917,Ni,France,46,98202.76,0.70000961977212628